prediction,decision,ground_truth,img_name
0.015592638403177261,False,0.0,0
0.01734001748263836,False,0.0,1
0.2865569591522217,False,0.0,10
0.3345702588558197,True,0.0,100
0.3053489625453949,False,0.0,101
0.07527324557304382,False,0.0,102
0.5124787092208862,True,0.0,103
0.2586117684841156,False,0.0,104
0.058285314589738846,False,0.0,105
0.06852826476097107,False,0.0,106
0.013345078565180302,False,0.0,107
0.03335363790392876,False,0.0,108
0.11384765058755875,False,0.0,109
0.5576341152191162,True,0.0,11
0.013106373138725758,False,0.0,110
0.03330284357070923,False,0.0,111
0.05709483101963997,False,0.0,112
0.011979855597019196,False,0.0,113
0.07055708020925522,False,0.0,114
0.0024000017438083887,False,0.0,115
0.01349666342139244,False,0.0,116
0.004405593499541283,False,0.0,117
0.0019054100848734379,False,0.0,118
0.001142116030678153,False,0.0,119
0.4154140055179596,True,0.0,12
0.01844344660639763,False,0.0,120
0.0025418337900191545,False,0.0,121
0.020327290520071983,False,0.0,122
0.021125517785549164,False,0.0,123
0.013328388333320618,False,0.0,124
0.007582668215036392,False,0.0,125
0.004809684120118618,False,0.0,126
0.021200191229581833,False,0.0,127
0.0173934455960989,False,0.0,128
0.15101781487464905,False,0.0,129
0.49580928683280945,True,0.0,13
0.00407410180196166,False,0.0,130
0.028609666973352432,False,0.0,131
0.03216234967112541,False,0.0,132
0.022753996774554253,False,0.0,133
0.03902725502848625,False,0.0,134
0.00796604435890913,False,0.0,135
0.018822595477104187,False,0.0,136
0.03284192457795143,False,0.0,137
0.013217572122812271,False,0.0,138
0.008328446187078953,False,0.0,139
0.3317674696445465,True,0.0,14
0.05148199573159218,False,0.0,140
0.004506706725805998,False,0.0,141
0.1006847694516182,False,0.0,142
0.013116826303303242,False,0.0,143
0.13003690540790558,False,0.0,144
0.010404931381344795,False,0.0,145
0.018764978274703026,False,0.0,146
0.009019630961120129,False,0.0,147
0.02333899959921837,False,0.0,148
0.036054641008377075,False,0.0,149
0.09923523664474487,False,0.0,15
0.0453464575111866,False,0.0,150
0.003906539641320705,False,0.0,151
0.05634466931223869,False,0.0,152
0.1943439245223999,False,0.0,153
0.034348804503679276,False,0.0,154
0.0258355550467968,False,0.0,155
0.289135217666626,False,0.0,156
0.07563529908657074,False,0.0,157
0.14757777750492096,False,0.0,158
0.29091745615005493,False,0.0,159
0.09923523664474487,False,0.0,16
0.04117759317159653,False,0.0,160
0.08685875684022903,False,0.0,161
0.024335714057087898,False,0.0,162
0.11863107234239578,False,0.0,163
0.12704412639141083,False,0.0,164
0.040771640837192535,False,0.0,165
0.13155007362365723,False,0.0,166
0.004449657164514065,False,0.0,167
0.2319791167974472,False,0.0,168
0.08063880354166031,False,0.0,169
0.6603971719741821,True,0.0,17
0.018041495233774185,False,0.0,170
0.0018211232963949442,False,0.0,171
0.0029739479068666697,False,0.0,172
0.001352653605863452,False,0.0,173
0.0036009554751217365,False,0.0,174
0.002601789077743888,False,0.0,175
0.007011005189269781,False,0.0,176
0.0071642836555838585,False,0.0,177
0.0009621414938010275,False,0.0,178
0.0005369259743019938,False,0.0,179
0.4154140055179596,True,0.0,18
0.00828555878251791,False,0.0,180
0.0008904910064302385,False,0.0,181
0.00237414613366127,False,0.0,182
0.010239706374704838,False,0.0,183
0.002714706351980567,False,0.0,184
0.006742808036506176,False,0.0,185
0.011125065386295319,False,0.0,186
0.0012403115397319198,False,0.0,187
0.0014244966441765428,False,0.0,188
0.007229015696793795,False,0.0,189
0.528480052947998,True,0.0,19
0.0035566454753279686,False,0.0,190
0.0036314462777227163,False,0.0,191
0.002483049174770713,False,0.0,192
0.05343833938241005,False,0.0,193
0.008471573702991009,False,0.0,194
0.00043841946171596646,False,0.0,195
0.0011249009985476732,False,0.0,196
0.0028373836539685726,False,0.0,197
0.000779930327553302,False,0.0,198
0.0005863056285306811,False,0.0,199
0.04430419206619263,False,0.0,2
0.3317674696445465,True,0.0,20
0.0022365842014551163,False,0.0,200
0.002424669684842229,False,0.0,201
0.001066198106855154,False,0.0,202
0.00463262852281332,False,0.0,203
0.0014895896892994642,False,0.0,204
0.001779000274837017,False,0.0,205
0.002951704664155841,False,0.0,206
0.0014884319389238954,False,0.0,207
0.002430624794214964,False,0.0,208
0.0019086790271103382,False,0.0,209
0.43545907735824585,True,0.0,21
0.0028053652495145798,False,0.0,210
0.002053162083029747,False,0.0,211
0.004593283869326115,False,0.0,22
0.003927081357687712,False,0.0,23
0.005229208152741194,False,0.0,24
0.010479716584086418,False,0.0,25
0.1722692996263504,False,0.0,26
0.0649670660495758,False,0.0,27
0.00723971426486969,False,0.0,28
0.00302370497956872,False,0.0,29
0.029356466606259346,False,0.0,3
0.0050891549326479435,False,0.0,30
0.06921309977769852,False,0.0,31
0.11482022702693939,False,0.0,32
0.06921309977769852,False,0.0,33
0.06921309977769852,False,0.0,34
0.11482022702693939,False,0.0,35
0.09661099314689636,False,0.0,36
0.02848084270954132,False,0.0,37
0.11445849388837814,False,0.0,38
0.007569142151623964,False,0.0,39
0.007323544006794691,False,0.0,4
0.0225103460252285,False,0.0,40
0.030316511169075966,False,0.0,41
0.3481675386428833,True,0.0,42
0.16726456582546234,False,0.0,43
0.1785866916179657,False,0.0,44
0.2740458548069,False,0.0,45
0.13280880451202393,False,0.0,46
0.1095002144575119,False,0.0,47
0.10204733163118362,False,0.0,48
0.4042517840862274,True,0.0,49
0.0128607377409935,False,0.0,5
0.17142066359519958,False,0.0,50
0.10905684530735016,False,0.0,51
0.03250768035650253,False,0.0,52
0.0828934833407402,False,0.0,53
0.17971867322921753,False,0.0,54
0.10188755393028259,False,0.0,55
0.1506187617778778,False,0.0,56
0.20085550844669342,False,0.0,57
0.0939796045422554,False,0.0,58
0.2870599031448364,False,0.0,59
0.012927200645208359,False,0.0,6
0.31606242060661316,False,0.0,60
0.027679944410920143,False,0.0,61
0.45488470792770386,True,0.0,62
0.8619831800460815,True,0.0,63
0.7031480669975281,True,0.0,64
0.7284566164016724,True,0.0,65
0.7942400574684143,True,0.0,66
0.5591301321983337,True,0.0,67
0.7476862072944641,True,0.0,68
0.7267338633537292,True,0.0,69
0.052843738347291946,False,0.0,7
0.8452481627464294,True,0.0,70
0.1719629019498825,False,0.0,71
0.050393298268318176,False,0.0,72
0.1459294855594635,False,0.0,73
0.12987029552459717,False,0.0,74
0.2210831642150879,False,0.0,75
0.2001451849937439,False,0.0,76
0.11456367373466492,False,0.0,77
0.19927631318569183,False,0.0,78
0.2003757804632187,False,0.0,79
0.040175434201955795,False,0.0,8
0.14861902594566345,False,0.0,80
0.46932315826416016,True,0.0,81
0.3129197955131531,False,0.0,82
0.1251589059829712,False,0.0,83
0.0990481972694397,False,0.0,84
0.12095719575881958,False,0.0,85
0.0982169359922409,False,0.0,86
0.24517810344696045,False,0.0,87
0.5998168587684631,True,0.0,88
0.3362719714641571,True,0.0,89
0.001998152816668153,False,0.0,9
0.17616726458072662,False,0.0,90
0.20195437967777252,False,0.0,91
0.18620510399341583,False,0.0,92
0.16643625497817993,False,0.0,93
0.3938504457473755,True,0.0,94
0.1808684766292572,False,0.0,95
0.4966548681259155,True,0.0,96
0.1575295478105545,False,0.0,97
0.2386711686849594,False,0.0,98
0.17867766320705414,False,0.0,99
0.7389054894447327,True,1.0,1411
0.820751428604126,True,1.0,1412
0.7235831022262573,True,1.0,1413
0.725231409072876,True,1.0,1414
0.7849204540252686,True,1.0,1415
0.8417030572891235,True,1.0,1416
0.6520803570747375,True,1.0,1417
0.8930969834327698,True,1.0,1418
0.812021791934967,True,1.0,1419
0.7725322842597961,True,1.0,1420
0.6678857803344727,True,1.0,1421
0.9684325456619263,True,1.0,1422
0.9338996410369873,True,1.0,1423
0.7141963839530945,True,1.0,1424
0.6432045102119446,True,1.0,1425
0.7363085150718689,True,1.0,1426
0.44494515657424927,True,1.0,1427
0.7344635725021362,True,1.0,1428
0.9450855851173401,True,1.0,1429
0.7599536776542664,True,1.0,1430
0.8213446140289307,True,1.0,1431
0.9154151082038879,True,1.0,1432
0.9849587678909302,True,1.0,1433
0.9272810220718384,True,1.0,1434
0.7289478182792664,True,1.0,1435
0.7375091910362244,True,1.0,1436
0.8223087191581726,True,1.0,1437
0.9265043139457703,True,1.0,1438
0.7976331114768982,True,1.0,1439
0.7422577142715454,True,1.0,1440
0.8464713096618652,True,1.0,1441
0.7153044939041138,True,1.0,1442
0.72394198179245,True,1.0,1443
0.6937776207923889,True,1.0,1444
0.9149515628814697,True,1.0,1445
0.8138746023178101,True,1.0,1446
0.7094940543174744,True,1.0,1447
0.7127337455749512,True,1.0,1448
0.7158575654029846,True,1.0,1449
0.7576701641082764,True,1.0,1450
0.8864392638206482,True,1.0,1451
0.7416425943374634,True,1.0,1452
0.6737479567527771,True,1.0,1453
0.7170333862304688,True,1.0,1454
0.7165891528129578,True,1.0,1455
0.7394737601280212,True,1.0,1456
0.6923068165779114,True,1.0,1457
0.7133546471595764,True,1.0,1458
0.6714590191841125,True,1.0,1459
0.7261207103729248,True,1.0,1460
0.9237638711929321,True,1.0,1461
0.6896647810935974,True,1.0,1462
0.7617201805114746,True,1.0,1463
0.960806131362915,True,1.0,1464
0.9015947580337524,True,1.0,1465
0.8439701795578003,True,1.0,1466
0.6104214787483215,True,1.0,1467
0.7484410405158997,True,1.0,1468
0.7721988558769226,True,1.0,1469
0.7057000994682312,True,1.0,1470
0.6730390787124634,True,1.0,1471
0.6298090815544128,True,1.0,1472
0.6721370220184326,True,1.0,1473
0.8154516816139221,True,1.0,1474
0.8752548694610596,True,1.0,1475
0.7324670553207397,True,1.0,1476
0.8490513563156128,True,1.0,1477
0.7579246759414673,True,1.0,1478
0.7948910593986511,True,1.0,1479
0.7352634072303772,True,1.0,1480
0.9053680300712585,True,1.0,1481
0.7461061477661133,True,1.0,1482
0.7112799286842346,True,1.0,1483
0.7367433905601501,True,1.0,1484
0.7381093502044678,True,1.0,1485
0.7521767616271973,True,1.0,1486
0.895435094833374,True,1.0,1487
0.8216638565063477,True,1.0,1488
0.7273373603820801,True,1.0,1489
0.9281071424484253,True,1.0,1490
0.8458958864212036,True,1.0,1491
0.7324527502059937,True,1.0,1492
0.8603994250297546,True,1.0,1493
0.8330555558204651,True,1.0,1494
0.8863747119903564,True,1.0,1495
0.7231488227844238,True,1.0,1496
0.7331839203834534,True,1.0,1497
0.7441408634185791,True,1.0,1498
0.8515050411224365,True,1.0,1499
0.8053004741668701,True,1.0,1500
0.7197211980819702,True,1.0,1501
0.7682041525840759,True,1.0,1502
0.7887061238288879,True,1.0,1503
0.7240703105926514,True,1.0,1504
0.7246755361557007,True,1.0,1505
0.7197911143302917,True,1.0,1506
0.781013548374176,True,1.0,1507
0.7746495604515076,True,1.0,1508
0.708558201789856,True,1.0,1509
0.7159666419029236,True,1.0,1510
0.8779852390289307,True,1.0,1511
0.7320771217346191,True,1.0,1512
0.8138670921325684,True,1.0,1513
0.7392451763153076,True,1.0,1514
0.6465558409690857,True,1.0,1515
0.6902827024459839,True,1.0,1516
0.7658934593200684,True,1.0,1517
0.7015432119369507,True,1.0,1518
0.7244388461112976,True,1.0,1519
0.737981379032135,True,1.0,1520
0.6998115181922913,True,1.0,1521
0.6495702266693115,True,1.0,1522
0.6962795257568359,True,1.0,1523
0.6514403223991394,True,1.0,1524
0.7162917256355286,True,1.0,1525
0.7362034916877747,True,1.0,1526
0.7564787268638611,True,1.0,1527
0.6987382173538208,True,1.0,1528
0.6251516938209534,True,1.0,1529
0.8434783220291138,True,1.0,1530
0.899707555770874,True,1.0,1531
0.37416449189186096,True,1.0,1532
0.3977939784526825,True,1.0,1533
0.3603692948818207,True,1.0,1534
0.7633374333381653,True,1.0,1535
0.7952626943588257,True,1.0,1536
0.7700808644294739,True,1.0,1537
0.7471557855606079,True,1.0,1538
0.6030349135398865,True,1.0,1539
0.6509023904800415,True,1.0,1540
0.7077042460441589,True,1.0,1541
0.5260926485061646,True,1.0,1542
0.7177633047103882,True,1.0,1543
0.6828727126121521,True,1.0,1544
0.7716190814971924,True,1.0,1545
0.6540310978889465,True,1.0,1546
0.6344179511070251,True,1.0,1547
0.8118157982826233,True,1.0,1548
0.5137771964073181,True,1.0,1549
0.7478347420692444,True,1.0,1550
0.7078920006752014,True,1.0,1551
0.7810806632041931,True,1.0,1552
0.7487177848815918,True,1.0,1553
0.47936469316482544,True,1.0,1554
0.8773465752601624,True,1.0,1555
0.4864939749240875,True,1.0,1556
0.7613757252693176,True,1.0,1557
0.6649102568626404,True,1.0,1558
0.7525789141654968,True,1.0,1559
0.7958285808563232,True,1.0,1560
0.5923101902008057,True,1.0,1561
0.6846809387207031,True,1.0,1562
0.8094562292098999,True,1.0,1563
0.7300849556922913,True,1.0,1564
0.8412137627601624,True,1.0,1565
0.7064224481582642,True,1.0,1566
0.6332512497901917,True,1.0,1567
0.7190675735473633,True,1.0,1568
0.7703375220298767,True,1.0,1569
0.660677433013916,True,1.0,1570
0.6778988838195801,True,1.0,1571
0.5875998139381409,True,1.0,1572
0.622793972492218,True,1.0,1573
0.7923280000686646,True,1.0,1574
0.8859155178070068,True,1.0,1575
0.8689771890640259,True,1.0,1576
0.8498555421829224,True,1.0,1577
0.5407583713531494,True,1.0,1578
0.7831775546073914,True,1.0,1579
0.7561007738113403,True,1.0,1580
0.6282039880752563,True,1.0,1581
0.9152355790138245,True,1.0,1582
0.9067858457565308,True,1.0,1583
0.2781657576560974,False,1.0,1584
0.9288408756256104,True,1.0,1585
0.9291747212409973,True,1.0,1586
0.7565838098526001,True,1.0,1587
0.879400908946991,True,1.0,1588
0.5319976210594177,True,1.0,1589
0.4969095289707184,True,1.0,1590
0.7703330516815186,True,1.0,1591
0.8464812636375427,True,1.0,1592
0.5905701518058777,True,1.0,1593
0.34728312492370605,True,1.0,1594
0.7689536213874817,True,1.0,1595
0.761679470539093,True,1.0,1596
0.6710370182991028,True,1.0,1597
0.4810939431190491,True,1.0,1598
0.7178396582603455,True,1.0,1599
0.7868314981460571,True,1.0,1600
0.8267118334770203,True,1.0,1601
0.7567114233970642,True,1.0,1602
0.6914281249046326,True,1.0,1603
0.88017338514328,True,1.0,1604
0.8383824825286865,True,1.0,1605
0.81705641746521,True,1.0,1606
0.7512239813804626,True,1.0,1607
0.9667497873306274,True,1.0,1608
0.9012073278427124,True,1.0,1609
0.7136456966400146,True,1.0,1610
0.8620789051055908,True,1.0,1611
0.7623313069343567,True,1.0,1612
0.7843701839447021,True,1.0,1613
0.37508681416511536,True,1.0,1614
0.5689988136291504,True,1.0,1615
0.7042863368988037,True,1.0,1616
0.7737705707550049,True,1.0,1617
0.7646540403366089,True,1.0,1618
0.8307631611824036,True,1.0,1619
0.7336936593055725,True,1.0,1620
0.5525529384613037,True,1.0,1621
0.6923295259475708,True,1.0,1622
0.7001067996025085,True,1.0,1623
0.6293740272521973,True,1.0,1624
0.4281446039676666,True,1.0,1625
0.5574074387550354,True,1.0,1626
0.36923691630363464,True,1.0,1627
0.2800377905368805,False,1.0,1628
0.37295323610305786,True,1.0,1629
0.3682638704776764,True,1.0,1630
0.5860985517501831,True,1.0,1631
0.3235896825790405,True,1.0,1632
0.4393596351146698,True,1.0,1633
0.7516676783561707,True,1.0,1634
0.6246382594108582,True,1.0,1635
0.7263002991676331,True,1.0,1636
0.7059621810913086,True,1.0,1637
0.6773108243942261,True,1.0,1638
0.6203888058662415,True,1.0,1639
0.436343252658844,True,1.0,1640
0.7835348844528198,True,1.0,1641
0.7429479360580444,True,1.0,1642
0.7994754314422607,True,1.0,1643
0.5814931392669678,True,1.0,1644
0.5434973239898682,True,1.0,1645
0.6963261961936951,True,1.0,1646
0.8007785081863403,True,1.0,1647
0.8522258400917053,True,1.0,1648
0.9405403733253479,True,1.0,1649
0.7188669443130493,True,1.0,1650
0.799273669719696,True,1.0,1651
0.735059916973114,True,1.0,1652
0.8032882213592529,True,1.0,1653
0.48330551385879517,True,1.0,1654
0.7927419543266296,True,1.0,1655
0.5861189365386963,True,1.0,1656
0.5363127589225769,True,1.0,1657
0.7204235196113586,True,1.0,1658
0.8214722871780396,True,1.0,1659
0.6759390234947205,True,1.0,1660
0.7933689951896667,True,1.0,1661
0.8009740710258484,True,1.0,1662
0.7100405097007751,True,1.0,1663
0.8343218564987183,True,1.0,1664
0.9012057781219482,True,1.0,1665
0.5383685827255249,True,1.0,1666
0.8645942211151123,True,1.0,1667
0.7857314944267273,True,1.0,1668
0.581364631652832,True,1.0,1669
0.7272663116455078,True,1.0,1670
0.7492125630378723,True,1.0,1671
0.861225426197052,True,1.0,1672
0.8266220092773438,True,1.0,1673
0.8780173063278198,True,1.0,1674
0.7870109677314758,True,1.0,1675
0.7482473254203796,True,1.0,1676
0.8052397966384888,True,1.0,1677
0.8975101113319397,True,1.0,1678
0.5655588507652283,True,1.0,1679
0.7710773944854736,True,1.0,1680
0.7119231224060059,True,1.0,1681
0.641488790512085,True,1.0,1682
0.6765457391738892,True,1.0,1683
0.5761978030204773,True,1.0,1684
0.8086760640144348,True,1.0,1685
0.6734785437583923,True,1.0,1686
0.7644736766815186,True,1.0,1687
0.815799355506897,True,1.0,1688
0.6324151158332825,True,1.0,1689
0.774239718914032,True,1.0,1690
0.8740083575248718,True,1.0,1691
0.682037353515625,True,1.0,1692
0.8613537549972534,True,1.0,1693
0.8250356912612915,True,1.0,1694
0.7699046730995178,True,1.0,1695
0.6833223104476929,True,1.0,1696
0.8313522934913635,True,1.0,1697
0.8859705328941345,True,1.0,1698
0.6838760375976562,True,1.0,1699
0.7586591243743896,True,1.0,1700
0.7097461223602295,True,1.0,1701
0.5921732783317566,True,1.0,1702
0.7900262475013733,True,1.0,1703
0.6940993666648865,True,1.0,1704
0.7019203901290894,True,1.0,1705
0.7384384274482727,True,1.0,1706
0.7357398271560669,True,1.0,1707
0.6767743825912476,True,1.0,1708
0.7768784761428833,True,1.0,1709
0.77401202917099,True,1.0,1710
0.6586655974388123,True,1.0,1711
0.806782066822052,True,1.0,1712
0.635441243648529,True,1.0,1713
0.7675349712371826,True,1.0,1714
0.9409254193305969,True,1.0,1715
0.7530388236045837,True,1.0,1716
0.6656545400619507,True,1.0,1717
0.7114924192428589,True,1.0,1718
0.6149076223373413,True,1.0,1719
0.6302773356437683,True,1.0,1720
0.8110040426254272,True,1.0,1721
0.7792515158653259,True,1.0,1722
0.6425599455833435,True,1.0,1723
0.7322812080383301,True,1.0,1724
0.6447569727897644,True,1.0,1725
0.3264468312263489,True,1.0,1726
0.7639190554618835,True,1.0,1727
0.7181956768035889,True,1.0,1728
0.8299700021743774,True,1.0,1729
0.5968019962310791,True,1.0,1730
0.6002801656723022,True,1.0,1731
0.5148990154266357,True,1.0,1732
0.8505083322525024,True,1.0,1733
0.930363118648529,True,1.0,1734
0.9994623064994812,True,1.0,1735
0.9878638386726379,True,1.0,1736
0.6069467663764954,True,1.0,1737
0.9999850988388062,True,1.0,1738
0.9999994039535522,True,1.0,1739
0.9999278783798218,True,1.0,1740
0.9966362714767456,True,1.0,1741
0.9751051068305969,True,1.0,1742
0.7599500417709351,True,1.0,1743
0.8775766491889954,True,1.0,1744
0.9818722605705261,True,1.0,1745
0.9778915643692017,True,1.0,1746
0.980014979839325,True,1.0,1747
0.9661670327186584,True,1.0,1748
0.9986501336097717,True,1.0,1749
0.9511276483535767,True,1.0,1750
0.992544949054718,True,1.0,1751
0.9618855714797974,True,1.0,1752
0.9832284450531006,True,1.0,1753
0.9902467727661133,True,1.0,1754
0.9999935626983643,True,1.0,1755
0.9999996423721313,True,1.0,1756
0.9999886751174927,True,1.0,1757
0.9999240636825562,True,1.0,1758
0.9999970197677612,True,1.0,1759
0.9999799728393555,True,1.0,1760
0.9781172275543213,True,1.0,1761
0.9662898778915405,True,1.0,1762
0.9890170097351074,True,1.0,1763
0.9309498071670532,True,1.0,1764
0.996859073638916,True,1.0,1765
0.9992595314979553,True,1.0,1766
0.9334922432899475,True,1.0,1767
0.9097108244895935,True,1.0,1768
0.9989116191864014,True,1.0,1769
0.9549559354782104,True,1.0,1770
0.964320957660675,True,1.0,1771
0.7979681491851807,True,1.0,1772
0.13985653221607208,False,1.0,1773
0.9005278944969177,True,1.0,1774
0.8438683152198792,True,1.0,1775
0.294055700302124,False,1.0,1776
0.9822900891304016,True,1.0,1777
0.994441568851471,True,1.0,1778
0.10693317651748657,False,1.0,1779
0.8996063470840454,True,1.0,1780
0.888946533203125,True,1.0,1781
0.9030925631523132,True,1.0,1782
0.9693729877471924,True,1.0,1783
0.5888822078704834,True,1.0,1784
0.5239759683609009,True,1.0,1785
0.9595483541488647,True,1.0,1786
0.8359858989715576,True,1.0,1787
0.9816608428955078,True,1.0,1788
0.982045590877533,True,1.0,1789
0.978731632232666,True,1.0,1790
0.33511215448379517,True,1.0,1791
0.7343521118164062,True,1.0,1792
0.5822399258613586,True,1.0,1793
0.9028462171554565,True,1.0,1794
0.23048488795757294,False,1.0,1795
0.34343570470809937,True,1.0,1796
0.4464305639266968,True,1.0,1797
0.2595224976539612,False,1.0,1798
0.8495481014251709,True,1.0,1799
0.9459238648414612,True,1.0,1800
0.9898332357406616,True,1.0,1801
0.9754314422607422,True,1.0,1802
0.929477334022522,True,1.0,1803
0.9351792931556702,True,1.0,1804
0.9793401956558228,True,1.0,1805
0.6271026134490967,True,1.0,1806
0.9519857168197632,True,1.0,1807
0.7901192307472229,True,1.0,1808
0.8623454570770264,True,1.0,1809
0.9445965886116028,True,1.0,1810
0.9947168231010437,True,1.0,1811
0.9695206880569458,True,1.0,1812
0.8881558179855347,True,1.0,1813
0.8647487759590149,True,1.0,1814
0.8939118385314941,True,1.0,1815
0.9283475875854492,True,1.0,1816
0.6887531280517578,True,1.0,1817
0.9030274748802185,True,1.0,1818
0.5048113465309143,True,1.0,1819
0.6765502691268921,True,1.0,1820
0.6076765656471252,True,1.0,1821
0.44254612922668457,True,1.0,1822
0.40508362650871277,True,1.0,1823
0.5312908291816711,True,1.0,1824
0.8312147259712219,True,1.0,1825
0.7847627401351929,True,1.0,1826
0.9207364320755005,True,1.0,1827
0.9367027878761292,True,1.0,1828
0.7524838447570801,True,1.0,1829
0.9662876725196838,True,1.0,1830
0.7392644286155701,True,1.0,1831
0.7554893493652344,True,1.0,1832
0.9787357449531555,True,1.0,1833
0.9606251120567322,True,1.0,1834
0.906344473361969,True,1.0,1835
0.9806715846061707,True,1.0,1836
0.7804901003837585,True,1.0,1837
0.6625710129737854,True,1.0,1838
0.9975128173828125,True,1.0,1839
0.9962211847305298,True,1.0,1840
0.9954531192779541,True,1.0,1841
0.925665020942688,True,1.0,1842
0.9838842749595642,True,1.0,1843
0.9992190599441528,True,1.0,1844
0.9867393970489502,True,1.0,1845
0.9830461144447327,True,1.0,1846
0.9910596013069153,True,1.0,1847
0.9407236576080322,True,1.0,1848
0.9932171702384949,True,1.0,1849
0.8493242859840393,True,1.0,1850
0.6681383848190308,True,1.0,1851
0.744797945022583,True,1.0,1852
0.992755115032196,True,1.0,1853
0.9938613176345825,True,1.0,1854
0.9484386444091797,True,1.0,1855
0.8440113067626953,True,1.0,1856
0.9782585501670837,True,1.0,1857
0.9452440738677979,True,1.0,1858
0.7327415943145752,True,1.0,1859
0.4995160698890686,True,1.0,1860
0.44549649953842163,True,1.0,1861
0.677895724773407,True,1.0,1862
0.9226582050323486,True,1.0,1863
0.8811538219451904,True,1.0,1864
0.6498963832855225,True,1.0,1865
0.508306622505188,True,1.0,1866
0.7737523317337036,True,1.0,1867
0.41992634534835815,True,1.0,1868
0.8123496174812317,True,1.0,1869
0.9964849948883057,True,1.0,1870
0.9048131704330444,True,1.0,1871
0.9304196834564209,True,1.0,1872
0.9051246047019958,True,1.0,1873
0.5229058265686035,True,1.0,1874
0.6347072124481201,True,1.0,1875
0.843938410282135,True,1.0,1876
0.7082777619361877,True,1.0,1877
0.5753813982009888,True,1.0,1878
0.7997797727584839,True,1.0,1879
0.5266129970550537,True,1.0,1880
0.6853148937225342,True,1.0,1881
0.8092024922370911,True,1.0,1882
0.8668115735054016,True,1.0,1883
0.9593085050582886,True,1.0,1884
0.8900362849235535,True,1.0,1885
0.9080435633659363,True,1.0,1886
0.7971959710121155,True,1.0,1887
0.9657617211341858,True,1.0,1888
0.7664700746536255,True,1.0,1889
0.6294651627540588,True,1.0,1890
0.6721674203872681,True,1.0,1891
0.7518157958984375,True,1.0,1892
0.7669162750244141,True,1.0,1893
0.6556300520896912,True,1.0,1894
0.8843203783035278,True,1.0,1895
0.5117630362510681,True,1.0,1896
0.7089455723762512,True,1.0,1897
0.9423864483833313,True,1.0,1898
0.6112292408943176,True,1.0,1899
0.7079482674598694,True,1.0,1900
0.4633713960647583,True,1.0,1901
0.8990742564201355,True,1.0,1902
0.6757113933563232,True,1.0,1903
0.8646419048309326,True,1.0,1904
0.8997178077697754,True,1.0,1905
0.9999405145645142,True,1.0,1906
0.9999982118606567,True,1.0,1907
0.9849644303321838,True,1.0,1908
0.9998805522918701,True,1.0,1909
0.9330652952194214,True,1.0,1910
0.938169538974762,True,1.0,1911
0.910997211933136,True,1.0,1912
0.999067485332489,True,1.0,1913
0.9126800298690796,True,1.0,1914
0.9273315668106079,True,1.0,1915
0.9999337196350098,True,1.0,1916
0.8680681586265564,True,1.0,1917
0.9183455109596252,True,1.0,1918
0.9708818197250366,True,1.0,1919
0.9008800983428955,True,1.0,1920
0.6727927923202515,True,1.0,1921
0.6263000965118408,True,1.0,1922
0.9306229948997498,True,1.0,1923
0.9507285356521606,True,1.0,1924
0.9728632569313049,True,1.0,1925
0.8883254528045654,True,1.0,1926
0.99875807762146,True,1.0,1927
0.9950680732727051,True,1.0,1928
0.8955614566802979,True,1.0,1929
0.8970350623130798,True,1.0,1930
0.9908906817436218,True,1.0,1931
0.9427805542945862,True,1.0,1932
0.9971455931663513,True,1.0,1933
0.9779266715049744,True,1.0,1934
0.8045513033866882,True,1.0,1935
0.9900931715965271,True,1.0,1936
0.9273486733436584,True,1.0,1937
0.9602848887443542,True,1.0,1938
0.7618058919906616,True,1.0,1939
0.9370209574699402,True,1.0,1940
0.9940722584724426,True,1.0,1941
0.8219525814056396,True,1.0,1942
0.8620202541351318,True,1.0,1943
0.9497391581535339,True,1.0,1944
0.9656256437301636,True,1.0,1945
0.911392331123352,True,1.0,1946
0.9941522479057312,True,1.0,1947
0.8257878422737122,True,1.0,1948
0.7852853536605835,True,1.0,1949
0.8280561566352844,True,1.0,1950
0.787773847579956,True,1.0,1951
0.9736632108688354,True,1.0,1952
0.9471067786216736,True,1.0,1953
0.9254907369613647,True,1.0,1954
0.9173890352249146,True,1.0,1955
0.7475926876068115,True,1.0,1956
0.8755618333816528,True,1.0,1957
0.9567548036575317,True,1.0,1958
0.997672975063324,True,1.0,1959
0.9994702935218811,True,1.0,1960
0.9983193278312683,True,1.0,1961
0.9894354343414307,True,1.0,1962
0.9552119970321655,True,1.0,1963
0.9706807136535645,True,1.0,1964
0.8838738203048706,True,1.0,1965
0.9677456617355347,True,1.0,1966
0.9966796636581421,True,1.0,1967
0.9878156781196594,True,1.0,1968
0.9986981153488159,True,1.0,1969
0.9994186162948608,True,1.0,1970
0.999544084072113,True,1.0,1971
0.988822340965271,True,1.0,1972
0.9759312272071838,True,1.0,1973
0.9011806845664978,True,1.0,1974
0.9643877148628235,True,1.0,1975
0.9125224351882935,True,1.0,1976
0.887325644493103,True,1.0,1977
0.9782803058624268,True,1.0,1978
0.824833333492279,True,1.0,1979
0.9301687479019165,True,1.0,1980
0.842345654964447,True,1.0,1981
0.9748222827911377,True,1.0,1982
0.9954026937484741,True,1.0,1983
0.8778750896453857,True,1.0,1984
0.682920515537262,True,1.0,1985
0.6586854457855225,True,1.0,1986
0.7531949877738953,True,1.0,1987
0.7393558621406555,True,1.0,1988
0.9908331036567688,True,1.0,1989
0.853355884552002,True,1.0,1990
0.9764358401298523,True,1.0,1991
0.99945467710495,True,1.0,1992
0.9903229475021362,True,1.0,1993
0.9793492555618286,True,1.0,1994
0.9996787309646606,True,1.0,1995
0.9985435009002686,True,1.0,1996
0.9995833039283752,True,1.0,1997
0.9900087118148804,True,1.0,1998
0.9909823536872864,True,1.0,1999
0.9905361533164978,True,1.0,2000
0.9886409044265747,True,1.0,2001
0.9218650460243225,True,1.0,2002
0.5765228271484375,True,1.0,2003
0.6318693161010742,True,1.0,2004
0.9137523770332336,True,1.0,2005
0.9982442855834961,True,1.0,2006
0.9877276420593262,True,1.0,2007
0.9996935129165649,True,1.0,2008
0.9984196424484253,True,1.0,2009
0.9959356784820557,True,1.0,2010
0.9790564775466919,True,1.0,2011
0.7871454954147339,True,1.0,2012
0.996867835521698,True,1.0,2013
0.9939711689949036,True,1.0,2014
0.6292615532875061,True,1.0,2015
0.9794747829437256,True,1.0,2016
0.7943530678749084,True,1.0,2017
0.9746013283729553,True,1.0,2018
0.9922378659248352,True,1.0,2019
0.9143753051757812,True,1.0,2020
0.9406654238700867,True,1.0,2021
0.9402920007705688,True,1.0,2022
0.9824079871177673,True,1.0,2023
0.9493179321289062,True,1.0,2024
0.9159711003303528,True,1.0,2025
0.9791221022605896,True,1.0,2026
0.9751749634742737,True,1.0,2027
0.9229571223258972,True,1.0,2028
0.8205093741416931,True,1.0,2029
0.9905685782432556,True,1.0,2030
0.9302425384521484,True,1.0,2031
0.6964031457901001,True,1.0,2032
0.9052050709724426,True,1.0,2033
0.9199802279472351,True,1.0,2034
0.9035612940788269,True,1.0,2035
0.8813249468803406,True,1.0,2036
0.8786560297012329,True,1.0,2037
0.9592373967170715,True,1.0,2038
0.8522388339042664,True,1.0,2039
0.8894239068031311,True,1.0,2040
0.9282251000404358,True,1.0,2041
0.9241191148757935,True,1.0,2042
0.8202807307243347,True,1.0,2043
0.9885393977165222,True,1.0,2044
0.9818829298019409,True,1.0,2045
0.8647728562355042,True,1.0,2046
0.8736984133720398,True,1.0,2047
0.9411760568618774,True,1.0,2048
0.9719080328941345,True,1.0,2049
0.9697820544242859,True,1.0,2050
0.8735669851303101,True,1.0,2051
0.8561589121818542,True,1.0,2052
0.36902332305908203,True,1.0,2053
0.7623617649078369,True,1.0,2054
0.9618443250656128,True,1.0,2055
0.9837725758552551,True,1.0,2056
0.9917086958885193,True,1.0,2057
0.9963501691818237,True,1.0,2058
0.9992827773094177,True,1.0,2059
0.9522403478622437,True,1.0,2060
0.9888737201690674,True,1.0,2061
0.9847043752670288,True,1.0,2062
0.9980781078338623,True,1.0,2063
0.999451220035553,True,1.0,2064
0.9949809908866882,True,1.0,2065
0.9979861974716187,True,1.0,2066
0.5441739559173584,True,1.0,2067
0.7275375723838806,True,1.0,2068
0.9954764246940613,True,1.0,2069
0.9863779544830322,True,1.0,2070
0.953785240650177,True,1.0,2071
0.8212959170341492,True,1.0,2072
0.9563053250312805,True,1.0,2073
0.9436801671981812,True,1.0,2074
0.9852260947227478,True,1.0,2075
0.8724579215049744,True,1.0,2076
0.6257940530776978,True,1.0,2077
0.9884534478187561,True,1.0,2078
0.995000422000885,True,1.0,2079
0.9801304340362549,True,1.0,2080
0.9153668880462646,True,1.0,2081
0.9985686540603638,True,1.0,2082
0.9999996423721313,True,1.0,2083
0.9971112012863159,True,1.0,2084
0.9999041557312012,True,1.0,2085
0.9998408555984497,True,1.0,2086
0.8525007963180542,True,1.0,2087
0.9864792227745056,True,1.0,2088
0.999750554561615,True,1.0,2089
0.9986118078231812,True,1.0,2090
0.998953104019165,True,1.0,2091
0.9997556805610657,True,1.0,2092
0.9419381022453308,True,1.0,2093
0.9532366991043091,True,1.0,2094
0.9744448661804199,True,1.0,2095
0.9387565851211548,True,1.0,2096
0.9433932900428772,True,1.0,2097
0.9923475980758667,True,1.0,2098
0.9203183650970459,True,1.0,2099
0.9934812784194946,True,1.0,2100
0.9976669549942017,True,1.0,2101
0.8589656352996826,True,1.0,2102
0.9444631338119507,True,1.0,2103
0.9836417436599731,True,1.0,2104
0.9947707056999207,True,1.0,2105
0.8380717635154724,True,1.0,2106
0.9963100552558899,True,1.0,2107
0.9715808033943176,True,1.0,2108
0.9715619683265686,True,1.0,2109
0.9730603098869324,True,1.0,2110
0.986760139465332,True,1.0,2111
0.5562817454338074,True,1.0,2112
0.9519017934799194,True,1.0,2113
0.8115472197532654,True,1.0,2114
0.7148258090019226,True,1.0,2115
0.9614551663398743,True,1.0,2116
0.9719666838645935,True,1.0,2117
0.9613977670669556,True,1.0,2118
0.9809033274650574,True,1.0,2119
0.8562016487121582,True,1.0,2120
0.9742675423622131,True,1.0,2121
0.7686185836791992,True,1.0,2122
0.7800118923187256,True,1.0,2123
0.9727690815925598,True,1.0,2124
0.9880488514900208,True,1.0,2125
1.0,True,1.0,2126
0.9999858140945435,True,1.0,2127
0.992864727973938,True,1.0,2128
0.9999995231628418,True,1.0,2129
0.9999502897262573,True,1.0,2130
0.9999985694885254,True,1.0,2131
0.9599578380584717,True,1.0,2132
0.9935685396194458,True,1.0,2133
0.7473902702331543,True,1.0,2134
0.9999476671218872,True,1.0,2135
0.9997761845588684,True,1.0,2136
0.9935178756713867,True,1.0,2137
0.9977468848228455,True,1.0,2138
0.9992295503616333,True,1.0,2139
0.9356518387794495,True,1.0,2140
0.9992456436157227,True,1.0,2141
0.9814071655273438,True,1.0,2142
0.9992417097091675,True,1.0,2143
0.9984757304191589,True,1.0,2144
0.969147264957428,True,1.0,2145
0.9396802186965942,True,1.0,2146
0.9885115623474121,True,1.0,2147
0.9840325713157654,True,1.0,2148
0.9988848567008972,True,1.0,2149
0.996797502040863,True,1.0,2150
0.8905152082443237,True,1.0,2151
0.9961596727371216,True,1.0,2152
0.9969946146011353,True,1.0,2153
0.9871773719787598,True,1.0,2154
0.9998385906219482,True,1.0,2155
0.9999946355819702,True,1.0,2156
0.9969833493232727,True,1.0,2157
0.9987419247627258,True,1.0,2158
0.9995489716529846,True,1.0,2159
0.9805051684379578,True,1.0,2160
0.9986516833305359,True,1.0,2161
0.9751943349838257,True,1.0,2162
0.9983876943588257,True,1.0,2163
0.7302823066711426,True,1.0,2164
0.9967051148414612,True,1.0,2165
0.8740751147270203,True,1.0,2166
0.9999799728393555,True,1.0,2167
0.9936797618865967,True,1.0,2168
0.9993515610694885,True,1.0,2169
0.9808290600776672,True,1.0,2170
0.9963175058364868,True,1.0,2171
0.9994164705276489,True,1.0,2172
0.9887401461601257,True,1.0,2173
0.8354634642601013,True,1.0,2174
0.9973049163818359,True,1.0,2175
0.9943758249282837,True,1.0,2176
0.9857650399208069,True,1.0,2177
0.9901018142700195,True,1.0,2178
0.9986756443977356,True,1.0,2179
0.9939314126968384,True,1.0,2180
0.9863578081130981,True,1.0,2181
0.9904683232307434,True,1.0,2182
0.9960143566131592,True,1.0,2183
0.9996654987335205,True,1.0,2184
0.9921851754188538,True,1.0,2185
0.9849326014518738,True,1.0,2186
0.9967852830886841,True,1.0,2187
0.9977207779884338,True,1.0,2188
0.9972002506256104,True,1.0,2189
0.8970106840133667,True,1.0,2190
0.8394473791122437,True,1.0,2191
0.9909668564796448,True,1.0,2192
0.8635179400444031,True,1.0,2193
0.9820373058319092,True,1.0,2194
0.96367347240448,True,1.0,2195
0.9748408794403076,True,1.0,2196
0.5716279149055481,True,1.0,2197
0.9414296746253967,True,1.0,2198
0.9223856925964355,True,1.0,2199
0.9838215112686157,True,1.0,2200
0.9953675270080566,True,1.0,2201
0.9997480511665344,True,1.0,2202
0.9998291730880737,True,1.0,2203
0.9993313550949097,True,1.0,2204
0.9942217469215393,True,1.0,2205
0.894258975982666,True,1.0,2206
0.8811037540435791,True,1.0,2207
0.8981098532676697,True,1.0,2208
0.9939544796943665,True,1.0,2209
0.8865388631820679,True,1.0,2210
0.9872898459434509,True,1.0,2211
0.9873514771461487,True,1.0,2212
0.8794472813606262,True,1.0,2213
0.8411586880683899,True,1.0,2214
0.9459320902824402,True,1.0,2215
0.9219789505004883,True,1.0,2216
0.9938259124755859,True,1.0,2217
0.9861124157905579,True,1.0,2218
0.9923844337463379,True,1.0,2219
0.9966114163398743,True,1.0,2220
0.9862426519393921,True,1.0,2221
0.9965701103210449,True,1.0,2222
0.996624231338501,True,1.0,2223
0.9943482279777527,True,1.0,2224
0.9434457421302795,True,1.0,2225
0.9997678399085999,True,1.0,2226
0.982311487197876,True,1.0,2227
0.9950875639915466,True,1.0,2228
0.9926590323448181,True,1.0,2229
0.9854745864868164,True,1.0,2230
0.9856917262077332,True,1.0,2231
0.998201847076416,True,1.0,2232
0.9995512366294861,True,1.0,2233
0.9983823299407959,True,1.0,2234
0.999981164932251,True,1.0,2235
0.9999986886978149,True,1.0,2236
0.9999732971191406,True,1.0,2237
0.9999943971633911,True,1.0,2238
0.976529598236084,True,1.0,2239
0.9789815545082092,True,1.0,2240
0.8692928552627563,True,1.0,2241
0.9130867123603821,True,1.0,2242
0.9989914298057556,True,1.0,2243
0.9153450131416321,True,1.0,2244
0.9828597903251648,True,1.0,2245
0.8719302415847778,True,1.0,2246
0.9952902793884277,True,1.0,2247
0.9498250484466553,True,1.0,2248
0.9654167890548706,True,1.0,2249
0.9745147228240967,True,1.0,2250
0.9963198900222778,True,1.0,2251
0.9934806823730469,True,1.0,2252
0.9999961853027344,True,1.0,2253
0.9362385272979736,True,1.0,2254
0.670924961566925,True,1.0,2255
0.8729615807533264,True,1.0,2256
0.9992615580558777,True,1.0,2257
0.9992917776107788,True,1.0,2258
0.9995334148406982,True,1.0,2259
0.9999964237213135,True,1.0,2260
0.9935299754142761,True,1.0,2261
0.997129499912262,True,1.0,2262
0.9998446702957153,True,1.0,2263
0.9996744394302368,True,1.0,2264
0.9999910593032837,True,1.0,2265
0.9971950054168701,True,1.0,2266
0.8655837178230286,True,1.0,2267
0.9112072587013245,True,1.0,2268
0.9023458957672119,True,1.0,2269
0.9663586616516113,True,1.0,2270
0.991594135761261,True,1.0,2271
0.9851323962211609,True,1.0,2272
0.9773920774459839,True,1.0,2273
0.9999779462814331,True,1.0,2274
0.9999985694885254,True,1.0,2275
0.9998676776885986,True,1.0,2276
0.999975323677063,True,1.0,2277
0.9999932050704956,True,1.0,2278
0.998140811920166,True,1.0,2279
0.9936667084693909,True,1.0,2280
0.9993378520011902,True,1.0,2281
0.9922911524772644,True,1.0,2282
0.999763548374176,True,1.0,2283
0.9813778400421143,True,1.0,2284
0.9978324770927429,True,1.0,2285
0.9032589197158813,True,1.0,2286
0.9929549098014832,True,1.0,2287
0.9708450436592102,True,1.0,2288
0.9999656677246094,True,1.0,2289
0.9998797178268433,True,1.0,2290
0.9997286200523376,True,1.0,2291
0.9999574422836304,True,1.0,2292
0.9998356103897095,True,1.0,2293
0.9999901056289673,True,1.0,2294
0.9996002316474915,True,1.0,2295
0.9992415904998779,True,1.0,2296
0.9998540878295898,True,1.0,2297
0.999970555305481,True,1.0,2298
0.9999544620513916,True,1.0,2299
0.9999992847442627,True,1.0,2300
0.9999946355819702,True,1.0,2301
0.999995231628418,True,1.0,2302
0.994865357875824,True,1.0,2303
0.6621015667915344,True,1.0,2304
0.8739843964576721,True,1.0,2305
0.9861975312232971,True,1.0,2306
0.8939681053161621,True,1.0,2307
0.9450319409370422,True,1.0,2308
0.9861078262329102,True,1.0,2309
0.9997628331184387,True,1.0,2310
0.9973586201667786,True,1.0,2311
0.9992133378982544,True,1.0,2312
0.9530733823776245,True,1.0,2313
0.9240207672119141,True,1.0,2314
0.7854883670806885,True,1.0,2315
0.802912175655365,True,1.0,2316
0.7633957266807556,True,1.0,2317
0.9971983432769775,True,1.0,2318
0.9993869066238403,True,1.0,2319
0.9992378950119019,True,1.0,2320
0.9997578263282776,True,1.0,2321
0.9994176626205444,True,1.0,2322
0.9998806715011597,True,1.0,2323
0.9997007846832275,True,1.0,2324
0.7686677575111389,True,1.0,2325
0.7695779800415039,True,1.0,2326
0.9524656534194946,True,1.0,2327
0.9238873720169067,True,1.0,2328
0.9508553743362427,True,1.0,2329
0.9225815534591675,True,1.0,2330
0.9904070496559143,True,1.0,2331
0.9638692140579224,True,1.0,2332
0.9467899203300476,True,1.0,2333
0.7342941164970398,True,1.0,2334
0.6303969025611877,True,1.0,2335
0.9867014288902283,True,1.0,2336
0.9982600808143616,True,1.0,2337
0.9824478030204773,True,1.0,2338
0.9929365515708923,True,1.0,2339
0.9988231062889099,True,1.0,2340
0.998094379901886,True,1.0,2341
0.9882517457008362,True,1.0,2342
0.9982624650001526,True,1.0,2343
0.9775057435035706,True,1.0,2344
0.973806619644165,True,1.0,2345
0.9879427552223206,True,1.0,2346
0.9980289340019226,True,1.0,2347
0.9890388250350952,True,1.0,2348
0.7494426369667053,True,1.0,2349
0.6983670592308044,True,1.0,2350
0.999723494052887,True,1.0,2351
0.9999605417251587,True,1.0,2352
0.9788630604743958,True,1.0,2353
0.9999599456787109,True,1.0,2354
0.999703586101532,True,1.0,2355
0.9989138841629028,True,1.0,2356
0.9999009370803833,True,1.0,2357
0.9665490984916687,True,1.0,2358
0.9995113611221313,True,1.0,2359
0.9996140599250793,True,1.0,2360
0.9997223019599915,True,1.0,2361
0.9998270869255066,True,1.0,2362
0.9999080896377563,True,1.0,2363
0.9007160067558289,True,1.0,2364
0.837405800819397,True,1.0,2365
0.9983212351799011,True,1.0,2366
0.8256680965423584,True,1.0,2367
0.9992038607597351,True,1.0,2368
0.9992270469665527,True,1.0,2369
0.9911506175994873,True,1.0,2370
0.999798595905304,True,1.0,2371
0.9996687173843384,True,1.0,2372
0.9999094009399414,True,1.0,2373
0.8513697981834412,True,1.0,2374
0.8384283185005188,True,1.0,2375
0.9998430013656616,True,1.0,2376
0.9962249994277954,True,1.0,2377
0.9823998212814331,True,1.0,2378
0.9772939085960388,True,1.0,2379
0.9584857821464539,True,1.0,2380
0.9635503888130188,True,1.0,2381
0.9998924732208252,True,1.0,2382
0.999795138835907,True,1.0,2383
0.9997634291648865,True,1.0,2384
0.6561606526374817,True,1.0,2385
0.9999537467956543,True,1.0,2386
0.9992775321006775,True,1.0,2387
0.9937238097190857,True,1.0,2388
0.9998606443405151,True,1.0,2389
0.9992852807044983,True,1.0,2390
0.996171772480011,True,1.0,2391
0.9498813152313232,True,1.0,2392
0.98518306016922,True,1.0,2393
0.9837217926979065,True,1.0,2394
0.9903903007507324,True,1.0,2395
0.9990605711936951,True,1.0,2396
0.9983620047569275,True,1.0,2397
0.9927558302879333,True,1.0,2398
0.9999520778656006,True,1.0,2399
0.9997552037239075,True,1.0,2400
0.999984622001648,True,1.0,2401
0.9692912697792053,True,1.0,2402
0.9995927214622498,True,1.0,2403
0.9980650544166565,True,1.0,2404
0.9982662796974182,True,1.0,2405
0.9999432563781738,True,1.0,2406
0.9996464252471924,True,1.0,2407
0.9999626874923706,True,1.0,2408
0.6588903665542603,True,1.0,2409
0.5401384830474854,True,1.0,2410
0.9997532963752747,True,1.0,2411
0.9943802952766418,True,1.0,2412
0.9854872226715088,True,1.0,2413
0.9301905632019043,True,1.0,2414
0.9762827754020691,True,1.0,2415
0.9159259796142578,True,1.0,2416
0.8656231760978699,True,1.0,2417
0.9783761501312256,True,1.0,2418
0.3942739963531494,True,1.0,2419
0.94083571434021,True,1.0,2420
0.9496600031852722,True,1.0,2421
0.9947831034660339,True,1.0,2422
0.9670609831809998,True,1.0,2423
0.9174811244010925,True,1.0,2424
0.9894369840621948,True,1.0,2425
0.9859336018562317,True,1.0,2426
0.9964336156845093,True,1.0,2427
0.9999791383743286,True,1.0,2428
0.9995079040527344,True,1.0,2429
0.9900712966918945,True,1.0,2430
0.9965804219245911,True,1.0,2431
0.9932979941368103,True,1.0,2432
0.9945796728134155,True,1.0,2433
0.9950971007347107,True,1.0,2434
0.9995809197425842,True,1.0,2435
0.9975079298019409,True,1.0,2436
0.9773070812225342,True,1.0,2437
0.982216477394104,True,1.0,2438
0.9934034943580627,True,1.0,2439
0.9877229928970337,True,1.0,2440
0.9668883085250854,True,1.0,2441
0.9938579201698303,True,1.0,2442
0.9676363468170166,True,1.0,2443
0.9115803837776184,True,1.0,2444
0.9864843487739563,True,1.0,2445
0.9833180904388428,True,1.0,2446
0.9975569248199463,True,1.0,2447
0.999895453453064,True,1.0,2448
0.9514721035957336,True,1.0,2449
0.9976539015769958,True,1.0,2450
0.9853739738464355,True,1.0,2451
0.9994729161262512,True,1.0,2452
0.9985608458518982,True,1.0,2453
0.951950192451477,True,1.0,2454
0.9616612792015076,True,1.0,2455
0.9931890964508057,True,1.0,2456
0.9955664277076721,True,1.0,2457
0.9095561504364014,True,1.0,2458
0.7747971415519714,True,1.0,2459
0.9501149654388428,True,1.0,2460
0.9838687777519226,True,1.0,2461
0.950353741645813,True,1.0,2462
0.5612549781799316,True,1.0,2463
0.9535354375839233,True,1.0,2464
0.9612756967544556,True,1.0,2465
0.9556941390037537,True,1.0,2466
0.930160403251648,True,1.0,2467
0.9895315170288086,True,1.0,2468
0.9926499724388123,True,1.0,2469
0.993665337562561,True,1.0,2470
0.9633484482765198,True,1.0,2471
0.9388339519500732,True,1.0,2472
0.7555645108222961,True,1.0,2473
0.8320976495742798,True,1.0,2474
0.982932448387146,True,1.0,2475
0.9370540380477905,True,1.0,2476
0.9960417747497559,True,1.0,2477
0.11187861859798431,False,1.0,2478
0.9722556471824646,True,1.0,2479
0.9865900278091431,True,1.0,2480
0.8717126250267029,True,1.0,2481
0.9859879612922668,True,1.0,2482
0.9806007742881775,True,1.0,2483
0.9170440435409546,True,1.0,2484
0.9866510629653931,True,1.0,2485
0.99978107213974,True,1.0,2486
0.9584816098213196,True,1.0,2487
0.9902535080909729,True,1.0,2488
0.9362121820449829,True,1.0,2489
0.9994906187057495,True,1.0,2490
0.9996539354324341,True,1.0,2491
0.9999943971633911,True,1.0,2492
0.9999768733978271,True,1.0,2493
0.9999983310699463,True,1.0,2494
0.9998713731765747,True,1.0,2495
0.9996435642242432,True,1.0,2496
0.9975916147232056,True,1.0,2497
0.7640142440795898,True,1.0,2498
0.99642413854599,True,1.0,2499
0.9294795989990234,True,1.0,2500
0.9949432015419006,True,1.0,2501
0.9738010764122009,True,1.0,2502
0.9966526627540588,True,1.0,2503
0.9054564833641052,True,1.0,2504
0.9746021032333374,True,1.0,2505
0.9684801697731018,True,1.0,2506
0.9858272075653076,True,1.0,2507
0.7949601411819458,True,1.0,2508
0.8318423628807068,True,1.0,2509
0.8796973824501038,True,1.0,2510
0.9095129370689392,True,1.0,2511
0.866874635219574,True,1.0,2512
0.8891382813453674,True,1.0,2513
0.890010416507721,True,1.0,2514
0.7487665414810181,True,1.0,2515
0.8206163048744202,True,1.0,2516
0.7891583442687988,True,1.0,2517
0.9842803478240967,True,1.0,2518
0.9898417592048645,True,1.0,2519
0.9421461224555969,True,1.0,2520
0.9662950038909912,True,1.0,2521
0.5757848620414734,True,1.0,2522
0.7798148393630981,True,1.0,2523
0.9333888292312622,True,1.0,2524
0.9530389904975891,True,1.0,2525
0.9999555349349976,True,1.0,2526
0.9999415874481201,True,1.0,2527
0.999963641166687,True,1.0,2528
0.9998031258583069,True,1.0,2529
0.9996839761734009,True,1.0,2530
0.9994099140167236,True,1.0,2531
0.9607490301132202,True,1.0,2532
0.9985514283180237,True,1.0,2533
0.9999998807907104,True,1.0,2534
0.9999872446060181,True,1.0,2535
0.9999243021011353,True,1.0,2536
0.9988993406295776,True,1.0,2537
0.9995937943458557,True,1.0,2538
0.9998621940612793,True,1.0,2539
0.997954249382019,True,1.0,2540
0.9999966621398926,True,1.0,2541
0.9999935626983643,True,1.0,2542
0.9969834685325623,True,1.0,2543
0.9967862367630005,True,1.0,2544
0.9999829530715942,True,1.0,2545
0.9999228715896606,True,1.0,2546
0.9922537207603455,True,1.0,2547
0.9994409680366516,True,1.0,2548
0.9885207414627075,True,1.0,2549
0.9904133677482605,True,1.0,2550
0.9979425072669983,True,1.0,2551
0.9999418258666992,True,1.0,2552
0.9840335845947266,True,1.0,2553
0.9978243112564087,True,1.0,2554
0.9988852143287659,True,1.0,2555
0.9445240497589111,True,1.0,2556
0.9943049550056458,True,1.0,2557
0.9857768416404724,True,1.0,2558
0.9853192567825317,True,1.0,2559
0.9845305681228638,True,1.0,2560
0.9792659878730774,True,1.0,2561
0.8859354853630066,True,1.0,2562
0.9825918674468994,True,1.0,2563
0.9999985694885254,True,1.0,2564
0.9999626874923706,True,1.0,2565
0.9991680383682251,True,1.0,2566
0.9999986886978149,True,1.0,2567
0.9999768733978271,True,1.0,2568
0.9976797699928284,True,1.0,2569
0.9999723434448242,True,1.0,2570
0.9989400506019592,True,1.0,2571
0.9891284108161926,True,1.0,2572
0.9997338652610779,True,1.0,2573
0.768527626991272,True,1.0,2574
0.9995282888412476,True,1.0,2575
0.998576283454895,True,1.0,2576
0.9916360378265381,True,1.0,2577
0.9938602447509766,True,1.0,2578
0.9998950958251953,True,1.0,2579
0.9890260100364685,True,1.0,2580
0.9999957084655762,True,1.0,2581
0.9876976609230042,True,1.0,2582
0.9999217987060547,True,1.0,2583
0.9997383952140808,True,1.0,2584
0.9940475225448608,True,1.0,2585
0.9840747117996216,True,1.0,2586
0.9998631477355957,True,1.0,2587
0.9989134073257446,True,1.0,2588
0.9998395442962646,True,1.0,2589
0.9997851252555847,True,1.0,2590
0.9963616728782654,True,1.0,2591
0.9999879598617554,True,1.0,2592
0.9997941851615906,True,1.0,2593
0.9999998807907104,True,1.0,2594
0.9997279047966003,True,1.0,2595
0.9998650550842285,True,1.0,2596
0.9976969361305237,True,1.0,2597
0.9993650317192078,True,1.0,2598
0.994549572467804,True,1.0,2599
0.999524712562561,True,1.0,2600
0.9999281167984009,True,1.0,2601
0.9981531500816345,True,1.0,2602
0.9981665015220642,True,1.0,2603
0.9979168772697449,True,1.0,2604
0.9999364614486694,True,1.0,2605
0.9998414516448975,True,1.0,2606
0.9992249011993408,True,1.0,2607
0.9996689558029175,True,1.0,2608
0.9999655485153198,True,1.0,2609
0.9952303171157837,True,1.0,2610
0.99949049949646,True,1.0,2611
0.9998871088027954,True,1.0,2612
0.9985170960426331,True,1.0,2613
0.9986625909805298,True,1.0,2614
0.9967461824417114,True,1.0,2615
0.9776450395584106,True,1.0,2616
0.9600988030433655,True,1.0,2617
0.9672274589538574,True,1.0,2618
0.9818592667579651,True,1.0,2619
0.9601554274559021,True,1.0,2620
0.9980083107948303,True,1.0,2621
0.983942449092865,True,1.0,2622
0.996625542640686,True,1.0,2623
0.991135835647583,True,1.0,2624
0.958051860332489,True,1.0,2625
0.874647319316864,True,1.0,2626
0.8841949105262756,True,1.0,2627
0.9785736203193665,True,1.0,2628
0.9996114373207092,True,1.0,2629
0.9974570870399475,True,1.0,2630
0.9978070855140686,True,1.0,2631
0.9993829727172852,True,1.0,2632
0.9980837106704712,True,1.0,2633
0.9949853420257568,True,1.0,2634
0.9930537343025208,True,1.0,2635
0.9991486072540283,True,1.0,2636
0.9999681711196899,True,1.0,2637
0.9981892704963684,True,1.0,2638
0.9949526786804199,True,1.0,2639
0.9999421834945679,True,1.0,2640
0.9949083924293518,True,1.0,2641
0.9966668486595154,True,1.0,2642
0.9999710321426392,True,1.0,2643
0.9990496039390564,True,1.0,2644
0.9819658398628235,True,1.0,2645
0.9906745553016663,True,1.0,2646
0.999885082244873,True,1.0,2647
0.9998757839202881,True,1.0,2648
0.9511098265647888,True,1.0,2649
0.9933178424835205,True,1.0,2650
0.9994113445281982,True,1.0,2651
0.9540851712226868,True,1.0,2652
0.837959349155426,True,1.0,2653
0.9695046544075012,True,1.0,2654
0.9993871450424194,True,1.0,2655
0.99979168176651,True,1.0,2656
0.999950647354126,True,1.0,2657
0.9985419511795044,True,1.0,2658
0.7299219965934753,True,1.0,2659
0.9998708963394165,True,1.0,2660
0.9978758096694946,True,1.0,2661
0.9999867677688599,True,1.0,2662
0.9999192953109741,True,1.0,2663
0.9999583959579468,True,1.0,2664
0.9902439713478088,True,1.0,2665
0.9988498687744141,True,1.0,2666
0.9998949766159058,True,1.0,2667
0.6742358803749084,True,1.0,2668
0.9800077676773071,True,1.0,2669
0.9479489922523499,True,1.0,2670
0.9972332119941711,True,1.0,2671
0.8914465308189392,True,1.0,2672
0.9950541257858276,True,1.0,2673
0.9996731281280518,True,1.0,2674
0.9949017763137817,True,1.0,2675
0.9950997233390808,True,1.0,2676
0.9988958835601807,True,1.0,2677
0.9981022477149963,True,1.0,2678
0.9999172687530518,True,1.0,2679
0.9999922513961792,True,1.0,2680
0.997338593006134,True,1.0,2681
1.0,True,1.0,2682
0.9966691136360168,True,1.0,2683
0.9999985694885254,True,1.0,2684
0.988393247127533,True,1.0,2685
0.9997649788856506,True,1.0,2686
0.9999793767929077,True,1.0,2687
0.9519972801208496,True,1.0,2688
0.9926283359527588,True,1.0,2689
0.9998801946640015,True,1.0,2690
0.8660192489624023,True,1.0,2691
0.9632653594017029,True,1.0,2692
0.8783993721008301,True,1.0,2693
0.9411237835884094,True,1.0,2694
0.8813911080360413,True,1.0,2695
0.9472041726112366,True,1.0,2696
0.9991133809089661,True,1.0,2697
0.9980074763298035,True,1.0,2698
0.9995020627975464,True,1.0,2699
0.9994139671325684,True,1.0,2700
0.9914489388465881,True,1.0,2701
0.9977890253067017,True,1.0,2702
0.9997376799583435,True,1.0,2703
0.974212646484375,True,1.0,2704
0.9249793291091919,True,1.0,2705
0.9877534508705139,True,1.0,2706
0.9999449253082275,True,1.0,2707
0.9827248454093933,True,1.0,2708
0.9976167678833008,True,1.0,2709
0.9989761114120483,True,1.0,2710
0.8016042113304138,True,1.0,2711
0.999863862991333,True,1.0,2712
0.9962766766548157,True,1.0,2713
0.9776240587234497,True,1.0,2714
0.9990710020065308,True,1.0,2715
0.997907280921936,True,1.0,2716
0.9990842342376709,True,1.0,2717
0.9985136389732361,True,1.0,2718
0.9752808213233948,True,1.0,2719
0.9941126704216003,True,1.0,2720
0.9759290814399719,True,1.0,2721
0.9281497597694397,True,1.0,2722
0.9277809262275696,True,1.0,2723
0.9909000396728516,True,1.0,2724
0.927739143371582,True,1.0,2725
0.9163329005241394,True,1.0,2726
0.9930214285850525,True,1.0,2727
0.9856361150741577,True,1.0,2728
0.9481408596038818,True,1.0,2729
0.8908179402351379,True,1.0,2730
0.9995632767677307,True,1.0,2731
0.9969929456710815,True,1.0,2732
0.9751303791999817,True,1.0,2733
0.995776891708374,True,1.0,2734
0.9651403427124023,True,1.0,2735
0.9975141286849976,True,1.0,2736
0.9978426694869995,True,1.0,2737
0.9992755055427551,True,1.0,2738
0.9826783537864685,True,1.0,2739
0.9806472063064575,True,1.0,2740
0.9254128336906433,True,1.0,2741
0.9745843410491943,True,1.0,2742
0.9996142387390137,True,1.0,2743
0.9991349577903748,True,1.0,2744
0.9904810786247253,True,1.0,2745
0.9925416707992554,True,1.0,2746
0.9992893934249878,True,1.0,2747
0.9918652176856995,True,1.0,2748
0.9998664855957031,True,1.0,2749
0.9878211617469788,True,1.0,2750
0.98415607213974,True,1.0,2751
0.8965467810630798,True,1.0,2752
0.9214633703231812,True,1.0,2753
0.991772472858429,True,1.0,2754
0.8705710768699646,True,1.0,2755
0.9961001873016357,True,1.0,2756
0.9503231644630432,True,1.0,2757
0.9999045133590698,True,1.0,2758
0.9993106126785278,True,1.0,2759
0.9996045231819153,True,1.0,2760
0.9999560117721558,True,1.0,2761
0.9997325539588928,True,1.0,2762
0.9985462427139282,True,1.0,2763
0.9650160074234009,True,1.0,2764
0.9989978671073914,True,1.0,2765
0.9858832955360413,True,1.0,2766
0.9656174182891846,True,1.0,2767
0.7581064701080322,True,1.0,2768
0.9760668873786926,True,1.0,2769
0.975178599357605,True,1.0,2770
0.9951890707015991,True,1.0,2771
0.8525540828704834,True,1.0,2772
0.9904727339744568,True,1.0,2773
0.9966328740119934,True,1.0,2774
0.6604286432266235,True,1.0,2775
0.6052897572517395,True,1.0,2776
0.8890803456306458,True,1.0,2777
0.9751128554344177,True,1.0,2778
0.7899938225746155,True,1.0,2779
0.9614657759666443,True,1.0,2780
0.9984694123268127,True,1.0,2781
0.8875945210456848,True,1.0,2782
0.6815887689590454,True,1.0,2783
0.5526134967803955,True,1.0,2784
0.948125422000885,True,1.0,2785
0.8921645879745483,True,1.0,2786
0.9693455696105957,True,1.0,2787
0.8887903690338135,True,1.0,2788
0.8583146929740906,True,1.0,2789
0.9194252490997314,True,1.0,2790
0.9072470664978027,True,1.0,2791
0.9993792772293091,True,1.0,2792
0.9786929488182068,True,1.0,2793
0.9796583652496338,True,1.0,2794
0.9872177243232727,True,1.0,2795
0.8113210797309875,True,1.0,2796
0.8938654065132141,True,1.0,2797
0.8275325298309326,True,1.0,2798
0.8881270885467529,True,1.0,2799
0.8052096962928772,True,1.0,2800
0.8971370458602905,True,1.0,2801
0.8927533030509949,True,1.0,2802
0.9824625253677368,True,1.0,2803
0.9398406744003296,True,1.0,2804
0.8792980313301086,True,1.0,2805
0.909824550151825,True,1.0,2806
0.8688641786575317,True,1.0,2807
0.9782450795173645,True,1.0,2808
0.874726414680481,True,1.0,2809
0.8327427506446838,True,1.0,2810
0.6806023716926575,True,1.0,2811
0.9021164178848267,True,1.0,2812
0.9978054165840149,True,1.0,2813
0.999828577041626,True,1.0,2814
0.9943459630012512,True,1.0,2815
0.9997549653053284,True,1.0,2816
0.9997029900550842,True,1.0,2817
0.999548614025116,True,1.0,2818
0.915575385093689,True,1.0,2819
0.9980226755142212,True,1.0,2820
0.9798998236656189,True,1.0,2821
0.9575306177139282,True,1.0,2822
0.9992251396179199,True,1.0,2823
0.9874529242515564,True,1.0,2824
0.9997420907020569,True,1.0,2825
0.9999409914016724,True,1.0,2826
0.9846664667129517,True,1.0,2827
0.32435864210128784,True,1.0,2828
0.9999736547470093,True,1.0,2829
0.9991087317466736,True,1.0,2830
0.999466598033905,True,1.0,2831
0.9998562335968018,True,1.0,2832
0.9984927177429199,True,1.0,2833
0.999152660369873,True,1.0,2834
0.9883876442909241,True,1.0,2835
0.9569011330604553,True,1.0,2836
0.9999114274978638,True,1.0,2837
0.8867179155349731,True,1.0,2838
0.9894578456878662,True,1.0,2839
0.9918057918548584,True,1.0,2840
0.9919548630714417,True,1.0,2841
0.8224985003471375,True,1.0,2842
0.9944854378700256,True,1.0,2843
0.9519174695014954,True,1.0,2844
0.9893562197685242,True,1.0,2845
0.9921427965164185,True,1.0,2846
0.9929826259613037,True,1.0,2847
0.9778645634651184,True,1.0,2848
0.9902998208999634,True,1.0,2849
0.9967791438102722,True,1.0,2850
0.9801888465881348,True,1.0,2851
0.9728556275367737,True,1.0,2852
0.9983658194541931,True,1.0,2853
0.9485329389572144,True,1.0,2854
0.9893985986709595,True,1.0,2855
0.961243748664856,True,1.0,2856
0.9747698307037354,True,1.0,2857
0.9784238934516907,True,1.0,2858
0.8839787840843201,True,1.0,2859
0.8010250329971313,True,1.0,2860
0.906972348690033,True,1.0,2861
0.9951985478401184,True,1.0,2862
0.9994352459907532,True,1.0,2863
0.9992806315422058,True,1.0,2864
0.9944602251052856,True,1.0,2865
0.9825090169906616,True,1.0,2866
0.9999567270278931,True,1.0,2867
0.9988927245140076,True,1.0,2868
0.9992450475692749,True,1.0,2869
0.993033766746521,True,1.0,2870
0.999890923500061,True,1.0,2871
0.9987541437149048,True,1.0,2872
0.9988287091255188,True,1.0,2873
0.9990664124488831,True,1.0,2874
0.9999707937240601,True,1.0,2875
0.9896882176399231,True,1.0,2876
0.9988468885421753,True,1.0,2877
0.9992844462394714,True,1.0,2878
0.9954467415809631,True,1.0,2879
0.7682750821113586,True,1.0,2880
0.9905104041099548,True,1.0,2881
0.9446154236793518,True,1.0,2882
0.9444054961204529,True,1.0,2883
0.8951154947280884,True,1.0,2884
0.9634479284286499,True,1.0,2885
0.8565516471862793,True,1.0,2886
0.9957289099693298,True,1.0,2887
0.8937399387359619,True,1.0,2888
0.9996919631958008,True,1.0,2889
0.9878066182136536,True,1.0,2890
0.9817793965339661,True,1.0,2891
0.9981979727745056,True,1.0,2892
0.9889406561851501,True,1.0,2893
